{
  "event_type": {
    "BIRTHDAY": 4999.110589640754,
    "CONFERENCE": 5073.481769675412,
    "CORPORATE": 5158.460203629925,
    "GALA": 5611.279265780108,
    "PRIVATE PARTY": 5119.099178676584,
    "WEDDING": 5708.485433146826
  },
  "nom_subcategory": {
    "Catering": 5024.781863063531,
    "Decoration": 5254.121987021013,
    "Entertainment": 4997.109440769694,
    "Venue": 6023.837862387404
  },
  "service_type": {
    "CATERING": 5500.993892125541,
    "DECORATION": 4782.91110921356,
    "DJ": 4073.8113326149423,
    "PHOTOGRAPHY": 5840.799584415585,
    "VENUE": 6413.27242524917
  },
  "city": {
    "Ariana": 5638.530049261084,
    "Ben arous": 6024.869778869779,
    "Bizerte": 5513.690871369295,
    "Bťja": 4351.564056939502,
    "Djerba": 5114.452012383901,
    "GabŤs": 4533.935501962984,
    "Gafsa": 4577.053824362606,
    "Hammamet": 5232.592778335005,
    "Jendouba": 5212.308783783784,
    "Kairouan": 4945.337051792829,
    "Kasserine": 4700.664130434782,
    "Kťbili": 4138.49386845039,
    "La marsa": 5557.922376409367,
    "Mahdia": 5586.132481506389,
    "Manouba": 5594.005268356931,
    "Monastir": 5352.988736263736,
    "Mťdenine": 5429.36515353805,
    "Nabeul": 5692.979169680312,
    "Sfax": 5256.029512403764,
    "Sidi bouzid": 3441.551219512195,
    "Siliana": 5631.723741007194,
    "Sousse": 5527.572893223306,
    "Tozeur": 5961.905913978495,
    "Tunis": 5345.084517963298,
    "Zaghouan": 4766.312781954887
  }
}